<?xml version="1.0" encoding="UTF-8"?>
<configuration  scan="true" scanPeriod="60 seconds" debug="false">
    <contextName>logback</contextName>
    <property name="log.path" value="logs/elk.log" />
    <!--输出到控制台-->
    <appender name="console" class="ch.qos.logback.core.ConsoleAppender">
        <!-- <filter class="ch.qos.logback.classic.filter.ThresholdFilter">
             <level>ERROR</level>
         </filter>-->
        <encoder>
            <pattern>%d{HH:mm:ss.SSS} %contextName [%thread] %-5level %logger{36} - %msg%n</pattern>
        </encoder>
    </appender>

    <!--输出到文件-->
    <appender name="file" class="ch.qos.logback.core.rolling.RollingFileAppender">
        <file>${log.path}</file>
        <rollingPolicy class="ch.qos.logback.core.rolling.TimeBasedRollingPolicy">
            <fileNamePattern>logback.%d{yyyy-MM-dd}.log</fileNamePattern>
        </rollingPolicy>
        <encoder>
            <pattern>%d{HH:mm:ss.SSS} %contextName [%thread] %-5level %logger{36} - %msg%n</pattern>
        </encoder>
    </appender>



    <appender name="KafkaAppender" class="com.github.danielwegener.logback.kafka.KafkaAppender">
        <encoder class="com.github.danielwegener.logback.kafka.encoding.LayoutKafkaMessageEncoder">
            <layout class="net.logstash.logback.layout.LogstashLayout" >
                <includeContext>false</includeContext>
                <includeCallerData>true</includeCallerData>
                <customFields>{"system":"test"}</customFields>
                <fieldNames class="net.logstash.logback.fieldnames.ShortenedFieldNames"/>
            </layout>
            <charset>UTF-8</charset>
        </encoder>
        <!--kafka topic 需要与配置文件里面的topic一致 否则kafka会沉默并鄙视你-->
        <topic>applog</topic>
        <keyingStrategy class="com.github.danielwegener.logback.kafka.keying.HostNameKeyingStrategy" />
        <deliveryStrategy class="com.github.danielwegener.logback.kafka.delivery.AsynchronousDeliveryStrategy" />
        <producerConfig>bootstrap.servers=47.104.255.217:9092</producerConfig>
    </appender>


    <!--你可能还需要加点这个玩意儿-->
    <logger name="Application_ERROR">
        <appender-ref ref="KafkaAppender"/>
    </logger>

    <root level="info">
        <appender-ref ref="console" />
        <appender-ref ref="file" />
        <appender-ref ref="KafkaAppender" />
    </root>
</configuration>